{
  "rules": {
    "emails": {
      ".read": false,
      ".write": "auth != null"
    },
    "textMessages": {
      ".read": false,
      ".write": "auth != null"
    },
    "users": {
      "$userId": {
        ".read": "auth != null && auth.uid == $userId",
        ".write": "auth != null && auth.uid == $userId"
      }
    }
  }
}

{
  "rules": {
    "publication": {
      "$userId": {
        ".read": "auth != null",
        ".write": "auth != null && auth.uid == $userId"
      }
    },
    "profile": {
      "$userId": {
        ".read": "false",
        ".write": "auth != null && auth.uid == $userId"
      }
    },
    "habilidades": {
      "$userId": {
        ".read": "false",
        ".write": "auth != null && auth.uid == $userId"
      }
    },
    "experiencias": {
      "$userId": {
        ".read": "false",
        ".write": "auth != null && auth.uid == $userId"
      }
    },
    "idiomas": {
      "$userId": {
        ".read": "false",
        ".write": "auth != null && auth.uid == $userId"
      }
    }
  }
}