{
  "name": "angular-recaptcha",
  "version": "3.2.1",
  "keywords": [
    "angular",
    "captcha",
    "recaptcha",
    "vividcortex",
    "human",
    "form",
    "validation",
    "signup",
    "security",
    "login"
  ],
  "main": "release/angular-recaptcha.js",
  "ignore": [
    "**/.*",
    "Gruntfile.js",
    "src",
    "node_modules",
    "bower_components"
  ],
  "dependencies": {
    "angular": "1.*"
  },
  "devDependencies": {
    "angular-mocks": "~1.*",
    "jquery": "~2.1.3"
  },
  "homepage": "https://github.com/VividCortex/angular-recaptcha",
  "_release": "3.2.1",
  "_resolution": {
    "type": "version",
    "tag": "3.2.1",
    "commit": "346beb0f0c782433ad249af991af6a1fa35decaa"
  },
  "_source": "https://github.com/VividCortex/angular-recaptcha.git",
  "_target": "^3.0.4",
  "_originalSource": "angular-recaptcha"
}