[{
  "rules": {
    "code": "j99Qii8fBdYc3qjPPfxiU8dKpDw2",
    "profile": {
      "uid": {
        "avatar": "https://lorempixel.com/400/400",
        "nombres": "Herick Anibal",
        "apellidos": "Ruiz Mejías",
        "displayName": "Herick Ruiz",
        "cedula": 23785947,
        "fechaNacimiento": "",
        "sexo": "Masculino",
        "slug": "herick-anibal-ruiz-mejias",
        "emails": [
          "heric1812@gmail.com",
          "heric1812@hotmail.com"
        ],
        "telefonos": [
          "04261491818"
        ],
        "profesion": "Ing. en Informática",
        "nivel": 1,
        "status": 1,
        "created": 1459361875666
      }
    },
    "idiomas": {
      "uid": {
        "userId": "j99Qii8fBdYc3qjPPfxiU8dKpDw2",
        "idioma": "Español",
        "nivel": "Avanzado"
      },
      "uid": {
        "userId": "j99Qii8fBdYc3qjPPfxiU8dKpDw2",
        "idioma": "Ingles",
        "nivel": "Intermedio"
      }
    },
    "publication": {
      "uid": {
        "userId": "j99Qii8fBdYc3qjPPfxiU8dKpDw2",
        "titulo": "Título de la publicación",
        "slug": "titulo-de-la-publicacion",
        "descripcion": "Lorem ipsum dolor sit amet, consectetur adipisicing elit, sed do eiusmod tempor incididunt ut labore et dolore magna aliqua. Ut enim ad minim veniam, quis nostrud exercitation ullamco laboris nisi ut aliquip ex ea commodo consequat.",
        "prioridad": "alta",
        "tags": [
          "Matemática I",
          "Matemática II",
          "Matemática III"
        ],
        "adjuntos": [
          "url adjunto"
        ],
        "created": 1459361875666,
        "updated": 1459361875666
      }
    },
  }
}]