[
  {
    "uid": "0KuQMZkAbFaS7znVdOGOgBJRSbJ3",
    "avatar": "static/image/avatar/avatar.jpeg",
    "nombres": "Herick Anibal",
    "apellidos": "Ruiz Mejías",
    "slug": "Herick-Anibal-Ruiz-Mejias",
    "cedula": 23785947,
    "fechaNacimiento": 1481301393052,
    "sexo": "Masculino",
    "emails": [
      "heric1812@gmail.com",
      "herickruiz21@hotmail.com",
      "heric1812@hotmail.com"
    ],
    "telefonos": [
      "04261491818",
      "04263320432",
      "04266099025"
    ],
    "profesion": "Ing en Informática",
    "acercaMi": "Soy un apacionado del desarrollo y diseño web, me gusta aprender todo lo relacionado con el frontend y me desempeño bien con el backend.",
    "queHago": "Actualmente terminando mi trabajo de grado el cual es un proyecto que deseo y sea de ayuda para mi casa de estudios.",
    "lenguajes": [
      {"uid": 1, "userId": "0KuQMZkAbFaS7znVdOGOgBJRSbJ3", "lenguaje": "Ingles", "nivel": "Intermedio"},
      {"uid": 2, "userId": "0KuQMZkAbFaS7znVdOGOgBJRSbJ3", "lenguaje": "Japones", "nivel": "Básico"},
      {"uid": 3, "userId": "0KuQMZkAbFaS7znVdOGOgBJRSbJ3", "lenguaje": "Frances", "nivel": "Básico"},
    ],
    "experiencias": [
      {"uid": 1, "userId": "0KuQMZkAbFaS7znVdOGOgBJRSbJ3", "tipo": "laboral", "titulo": "Systrix", "fechaInicio": "2015-12-11T04:00:00.000Z", "fechaFin": "2016-04-15T04:00:00.000Z", "descripcion": "Una experiencia muy gratificante con un gran equipo de trabajo, en un proyecto llamado PerfQ."},
      {"uid": 2, "userId": "0KuQMZkAbFaS7znVdOGOgBJRSbJ3", "tipo": "laboral", "titulo": "OCTG", "fechaInicio": "2015-12-10T04:00:00.000Z", "fechaFin": "2016-04-15T04:00:00.000Z", "descripcion": "Trabaje durante casi 1 año en el cual el crecimiento personal y laboral fue de lo mejor gracias al gran equipo con el que pude laborar."},
      {"uid": 3, "userId": "0KuQMZkAbFaS7znVdOGOgBJRSbJ3", "tipo": "laboral", "titulo": "BigFaster", "fechaInicio": "2016-09-06T04:00:00.000Z", "fechaFin": "2016-12-01T04:00:00.000Z", "descripcion": "Laborando actualmente y con uno de los mejores compañeros de trabajo con los que he compartido el área laboral, trabajo como frontend y me encanta."},
      {"uid": 4, "userId": "0KuQMZkAbFaS7znVdOGOgBJRSbJ3", "tipo": "educativa", "titulo": "E.B.N. Creación la Villa", "fechaInicio": "2005-09-09T04:00:00.000Z", "fechaFin": "2010-06-20T04:00:00.000Z", "descripcion": "Liceo en el cual estudie toda la segundaria y prepa."},
      {"uid": 5, "userId": "0KuQMZkAbFaS7znVdOGOgBJRSbJ3", "tipo": "educativa", "titulo": "UNERG", "fechaInicio": "2011-00010T04:00:00.000Z", "fechaFin": "2016-12-01T04:00:00.000Z", "descripcion": "Carrera universitatia por el título de Ingeniero en Informática, actualmente finalizando el trabajo de grado."}
    ],
    "habilidades": [
      {"uid": 1, "userId": "0KuQMZkAbFaS7znVdOGOgBJRSbJ3", "tipo": "Programación", "habilidad": "JavaScript", "porcentaje": 50},
      {"uid": 2, "userId": "0KuQMZkAbFaS7znVdOGOgBJRSbJ3", "tipo": "Programación", "habilidad": "PHP", "porcentaje": 30},
      {"uid": 3, "userId": "0KuQMZkAbFaS7znVdOGOgBJRSbJ3", "tipo": "Programación", "habilidad": "HTML5 & CSS3", "porcentaje": 80},
      {"uid": 4, "userId": "0KuQMZkAbFaS7znVdOGOgBJRSbJ3", "tipo": "Ofimática", "habilidad": "Libre Office", "porcentaje": 50},
      {"uid": 5, "userId": "0KuQMZkAbFaS7znVdOGOgBJRSbJ3", "tipo": "Diseño", "habilidad": "Gimp", "porcentaje": 30}
    ]
  },
  {
    "uid": "0KuQMZkAbFaS7znVdOGOgBJRSbJ3",
    "avatar": "static/image/avatar/avatar.jpeg",
    "nombres": "Arianny Carolina",
    "apellidos": "Concepción Graterol",
    "slug": "Arianny-Carolina-Concepción-Graterol",
    "cedula": 23564191,
    "fechaNacimiento": 1481301393052,
    "sexo": "Femenino",
    "emails": [
      "arianny_concepcion@gmail.com",
      "arianny91concepcion@gmail.com",
    ],
    "telefonos": [
      "04261491818",
      "04263320432",
      "04266099025"
    ],
    "profesion": "Ing en Informática",
    "acercaMi": "Soy un apacionada del diseño web, me gusta aprender todo lo relacionado con el frontend.",
    "queHago": "Actualmente terminando mi trabajo de grado el cual es un proyecto que deseo y sea de ayuda para mi casa de estudios.",
    "lenguajes": [
      {"uid": 1, "userId": "0KuQMZkAbFaS7znVdOGOgBJRSbJ3", "lenguaje": "Ingles", "nivel": "Intermedio"},
      {"uid": 2, "userId": "0KuQMZkAbFaS7znVdOGOgBJRSbJ3", "lenguaje": "Japones", "nivel": "Básico"},
      {"uid": 3, "userId": "0KuQMZkAbFaS7znVdOGOgBJRSbJ3", "lenguaje": "Frances", "nivel": "Básico"},
    ],
    "experiencias": [
      {"uid": 1, "userId": "0KuQMZkAbFaS7znVdOGOgBJRSbJ3", "tipo": "laboral", "titulo": "Systrix", "fechaInicio": "2015-12-11T04:00:00.000Z", "fechaFin": "2016-04-15T04:00:00.000Z", "descripcion": "Una experiencia muy gratificante con un gran equipo de trabajo, en un proyecto llamado PerfQ."},
      {"uid": 2, "userId": "0KuQMZkAbFaS7znVdOGOgBJRSbJ3", "tipo": "laboral", "titulo": "OCTG", "fechaInicio": "2015-12-10T04:00:00.000Z", "fechaFin": "2016-04-15T04:00:00.000Z", "descripcion": "Trabaje durante casi 1 año en el cual el crecimiento personal y laboral fue de lo mejor gracias al gran equipo con el que pude laborar."},
      {"uid": 3, "userId": "0KuQMZkAbFaS7znVdOGOgBJRSbJ3", "tipo": "laboral", "titulo": "BigFaster", "fechaInicio": "2016-09-06T04:00:00.000Z", "fechaFin": "2016-12-01T04:00:00.000Z", "descripcion": "Laborando actualmente y con uno de los mejores compañeros de trabajo con los que he compartido el área laboral, trabajo como frontend y me encanta."},
      {"uid": 4, "userId": "0KuQMZkAbFaS7znVdOGOgBJRSbJ3", "tipo": "educativa", "titulo": "E.B.N. Creación la Villa", "fechaInicio": "2005-09-09T04:00:00.000Z", "fechaFin": "2010-06-20T04:00:00.000Z", "descripcion": "Liceo en el cual estudie toda la segundaria y prepa."},
      {"uid": 5, "userId": "0KuQMZkAbFaS7znVdOGOgBJRSbJ3", "tipo": "educativa", "titulo": "UNERG", "fechaInicio": "2011-00010T04:00:00.000Z", "fechaFin": "2016-12-01T04:00:00.000Z", "descripcion": "Carrera universitatia por el título de Ingeniero en Informática, actualmente finalizando el trabajo de grado."}
    ],
    "habilidades": [
      {"uid": 1, "userId": "0KuQMZkAbFaS7znVdOGOgBJRSbJ3", "tipo": "Programación", "habilidad": "JavaScript", "porcentaje": 50},
      {"uid": 2, "userId": "0KuQMZkAbFaS7znVdOGOgBJRSbJ3", "tipo": "Programación", "habilidad": "PHP", "porcentaje": 30},
      {"uid": 3, "userId": "0KuQMZkAbFaS7znVdOGOgBJRSbJ3", "tipo": "Programación", "habilidad": "HTML5 & CSS3", "porcentaje": 80},
      {"uid": 4, "userId": "0KuQMZkAbFaS7znVdOGOgBJRSbJ3", "tipo": "Ofimática", "habilidad": "Libre Office", "porcentaje": 50},
      {"uid": 5, "userId": "0KuQMZkAbFaS7znVdOGOgBJRSbJ3", "tipo": "Diseño", "habilidad": "Gimp", "porcentaje": 30}
    ]
  }
]
