{
  "rules": {
    "experiencias": {
      ".indexOn": ["userId"],
      ".read": true,
      ".write": true
    },
    "habilidades": {
      ".indexOn": ["userId"],
      ".read": true,
      ".write": true
    },
    "idiomas": {
      ".indexOn": ["userId"],
      ".read": true,
      ".write": true
    },
    "publication": {
      ".indexOn": ["userId","userName","titulo","materias","prioridad","created","updated","timestamp"],
      ".read": true,
      ".write": true
    },
    "profile": {
      ".indexOn": "fullName",
      ".read": true,
      ".write": true
    },
    "listSkill": {
      ".read": true,
      ".write": false
    },
    "materias": {
      ".read": true,
      ".write": false
    }
  }
}