{
  "name": "angular-file-upload",
  "main": "dist/angular-file-upload.min.js",
  "homepage": "https://github.com/nervgh/angular-file-upload",
  "ignore": [
    "examples"
  ],
  "dependencies": {
    "angular": "^1.1.5"
  },
  "devDependencies": {
    "es5-shim": ">=3.4.0"
  },
  "keywords": [
    "angular",
    "file",
    "upload",
    "module"
  ],
  "version": "2.4.1",
  "_release": "2.4.1",
  "_resolution": {
    "type": "version",
    "tag": "2.4.1",
    "commit": "c4619a5337c69cc9f339bbfdd4c2965aefb15a34"
  },
  "_source": "https://github.com/nervgh/angular-file-upload.git",
  "_target": "^2.4.1",
  "_originalSource": "angular-file-upload",
  "_direct": true
}