[
  {
    "id": 1,
    "userId": 1,
    "titulo": "Título de la publicación",
    "slug": "Titulo-de-la-publicacion",
    "descripcion": "Lorem ipsum dolor sit amet, consectetur adipisicing elit, sed do eiusmod tempor incididunt ut labore et dolore magna aliqua. Ut enim ad minim veniam, quis nostrud exercitation ullamco laboris nisi ut aliquip ex ea commodo consequat.",
    "prioridad": "alta",
    "tags": [
      "Matemática I",
      "Matemática II",
      "Matemática III"
    ],
    "creado": 1459361875666,
    "modificado": 1459361875666
  },
  {
    "id": 2,
    "userId": 1,
    "titulo": "Título de la publicación",
    "slug": "Titulo-de-la-publicacion",
    "descripcion": "Lorem ipsum dolor sit amet, consectetur adipisicing elit, sed do eiusmod tempor incididunt ut labore et dolore magna aliqua. Ut enim ad minim veniam, quis nostrud exercitation ullamco laboris nisi ut aliquip ex ea commodo consequat.",
    "prioridad": "media",
    "tags": [
      "Programación I",
      "Programación II"
    ],
    "creado": 1459361875666
  },
  {
    "id": 3,
    "userId": 2,
    "titulo": "Título de la publicación",
    "slug": "Titulo-de-la-publicacion",
    "descripcion": "Lorem ipsum dolor sit amet, consectetur adipisicing elit, sed do eiusmod tempor incididunt ut labore et dolore magna aliqua. Ut enim ad minim veniam, quis nostrud exercitation ullamco laboris nisi ut aliquip ex ea commodo consequat.",
    "prioridad": "baja",
    "tags": [
      "Física I"
    ],
    "creado": 1459361875666,
    "modificado": 1459361875666
  },
  {
    "id": 4,
    "userId": 2,
    "titulo": "Título de la publicación",
    "slug": "Titulo-de-la-publicacion",
    "descripcion": "Lorem ipsum dolor sit amet, consectetur adipisicing elit, sed do eiusmod tempor incididunt ut labore et dolore magna aliqua. Ut enim ad minim veniam, quis nostrud exercitation ullamco laboris nisi ut aliquip ex ea commodo consequat.",
    "prioridad": "media",
    "tags": [
      "Electiva Libre II"
    ],
    "creado": 1459361875666,
    "modificado": 1459361875666
  },
  {
    "id": 5,
    "userId": 2,
    "titulo": "Título de la publicación",
    "slug": "Titulo-de-la-publicacion",
    "descripcion": "Lorem ipsum dolor sit amet, consectetur adipisicing elit, sed do eiusmod tempor incididunt ut labore et dolore magna aliqua. Ut enim ad minim veniam, quis nostrud exercitation ullamco laboris nisi ut aliquip ex ea commodo consequat.",
    "prioridad": "alta",
    "tags": [
      "Algoritmo I",
      "Algoritmo II"
    ],
    "creado": 1459361875666
  },
  {
    "id": 6,
    "userId": 2,
    "titulo": "Título de la publicación",
    "slug": "Titulo-de-la-publicacion",
    "descripcion": "Lorem ipsum dolor sit amet, consectetur adipisicing elit, sed do eiusmod tempor incididunt ut labore et dolore magna aliqua. Ut enim ad minim veniam, quis nostrud exercitation ullamco laboris nisi ut aliquip ex ea commodo consequat.",
    "prioridad": "alta",
    "tags": [
      "PG I"
    ],
    "creado": 1459361875666,
    "modificado": 1459361875666
  },
  {
    "id": 7,
    "userId": 3,
    "titulo": "Título de la publicación",
    "slug": "Titulo-de-la-publicacion",
    "descripcion": "Lorem ipsum dolor sit amet, consectetur adipisicing elit, sed do eiusmod tempor incididunt ut labore et dolore magna aliqua. Ut enim ad minim veniam, quis nostrud exercitation ullamco laboris nisi ut aliquip ex ea commodo consequat.",
    "prioridad": "media",
    "tags": [
      "PG II"
    ],
    "creado": 1459361875666,
    "modificado": 1459361875666
  },
  {
    "id": 8,
    "userId": 3,
    "titulo": "Título de la publicación",
    "slug": "Titulo-de-la-publicacion",
    "descripcion": "Lorem ipsum dolor sit amet, consectetur adipisicing elit, sed do eiusmod tempor incididunt ut labore et dolore magna aliqua. Ut enim ad minim veniam, quis nostrud exercitation ullamco laboris nisi ut aliquip ex ea commodo consequat.",
    "prioridad": "alta",
    "tags": [
      "Electiva de Área I"
    ],
    "creado": 1459361875666
  },
  {
    "id": 9,
    "userId": 3,
    "titulo": "Título de la publicación",
    "slug": "Titulo-de-la-publicacion",
    "descripcion": "Lorem ipsum dolor sit amet, consectetur adipisicing elit, sed do eiusmod tempor incididunt ut labore et dolore magna aliqua. Ut enim ad minim veniam, quis nostrud exercitation ullamco laboris nisi ut aliquip ex ea commodo consequat.",
    "prioridad": "baja",
    "tags": [
      "Electiva de Área II"
    ],
    "creado": 1459361875666,
    "modificado": 1459361875666
  },
  {
    "id": 10,
    "userId": 4,
    "titulo": "Título de la publicación",
    "slug": "Titulo-de-la-publicacion",
    "descripcion": "Lorem ipsum dolor sit amet, consectetur adipisicing elit, sed do eiusmod tempor incididunt ut labore et dolore magna aliqua. Ut enim ad minim veniam, quis nostrud exercitation ullamco laboris nisi ut aliquip ex ea commodo consequat.",
    "prioridad": "alta",
    "tags": [
      "Lógica Matemática"
    ],
    "creado": 1459361875666
  }
]
