{
  "name": "angularfire",
  "description": "The officially supported AngularJS binding for Firebase",
  "version": "2.2.0",
  "authors": [
    "Firebase (https://firebase.google.com/)"
  ],
  "homepage": "https://github.com/firebase/angularfire",
  "repository": {
    "type": "git",
    "url": "https://github.com/firebase/angularfire.git"
  },
  "license": "MIT",
  "keywords": [
    "angular",
    "angularjs",
    "firebase",
    "realtime"
  ],
  "main": "dist/angularfire.js",
  "ignore": [
    "**/*",
    "!dist/*.js",
    "!README.md",
    "!LICENSE"
  ],
  "dependencies": {
    "angular": "^1.3.0",
    "firebase": "3.x.x"
  },
  "_release": "2.2.0",
  "_resolution": {
    "type": "version",
    "tag": "v2.2.0",
    "commit": "7c7beabb7d3246fb8a6917e402656a9bd3873cae"
  },
  "_source": "https://github.com/firebase/angularFire.git",
  "_target": "^2.0.2",
  "_originalSource": "angularfire"
}