{
  "name": "angular-socialshare",
  "version": "2.3.4",
  "description": "A social media url and content share module for angularjs.",
  "authors": [
    "Filippo Oretti <filippo.oretti@gmail.com",
    "Dario Andrei <wouldgo84@gmail.com>"
  ],
  "ignore": [
    "**/.*",
    "node_modules",
    "bower_components",
    "test",
    "tests",
    "conf",
    "gulpfile.js",
    "index.html",
    "assets"
  ],
  "keywords": [
    "social",
    "sharing",
    "buttons",
    "share",
    "angular",
    "angularjs"
  ],
  "main": [
    "./dist/angular-socialshare.min.js"
  ],
  "license": "MIT",
  "homepage": "http://720kb.github.io/angular-socialshare/",
  "_release": "2.3.4",
  "_resolution": {
    "type": "version",
    "tag": "2.3.4",
    "commit": "a5281d3936ebeee26803efe0b0280b24576ae00a"
  },
  "_source": "https://github.com/720kb/angular-socialshare.git",
  "_target": "^2.3.1",
  "_originalSource": "angularjs-socialshare"
}